Model / Experiment Configuration,Train Acc,Val Acc,Val Precision,Val Recall,Val F1,Val ROC-AUC,Test Acc,Train Time (s),Inference Time (s)
Logistic Regression,0.9806268249446642,0.980010886657796,0.9845984893126909,0.9800831866901296,0.9823356493853554,0.9966157125187132,0.9808544423440454,0.4631049633026123,0.002866029739379883
KNN (K=3) [Low K],0.9937712876453069,0.9878583524857869,0.9924329836047978,0.9861088892443876,0.9892608294437831,0.9955568897310346,0.9884158790170132,0.01592707633972168,37.32889699935913
KNN (K=15) [High K],0.9880448908030891,0.9859078262973268,0.9917446488114445,0.9833359995734016,0.987522424826626,0.9990653715687245,0.9868733459357278,0.019387006759643555,38.63830924034119
"Decision Tree (Shallow, Depth=3) [Underfit Model]",0.9915124882117892,0.9921827748881094,0.9864029666254636,1.0,0.9931549471064095,0.9982194442788327,0.9915765595463139,0.6829090118408203,0.007334232330322266
"Decision Tree (Deep/Max, Depth=20) [Overfit Model]",1.0,0.999803435345349,0.9998933361777019,0.999760038393857,0.9998266828429346,0.9998101624033553,0.9997731568998109,0.8880271911621094,0.005354881286621094
Random Forest,0.9956282346688444,0.995766299745978,0.9930073634581766,0.999573401589079,0.996279564177518,0.9999799226442083,0.9951304347826087,23.40836477279663,0.3155179023742676
Gradient Boosting,0.9986032388007946,0.9985484456271925,0.9986670221274326,0.9987735295686023,0.9987202730084249,0.9999884908390209,0.9984877126654065,96.72843718528748,0.10793304443359375
SVM (Scaled),0.9798555275771217,0.9789675819523407,0.9846740209893443,0.9781368314403028,0.981394540079986,0.9790963584375808,0.979765595463138,1.2594599723815918,0.0038008689880371094
SVM (Unscaled),0.9425253831371062,0.942708963348252,0.9486865568360259,0.9503812723297606,0.9495331584064786,0.94151966166261,0.9425482041587901,2.25268292427063,0.004042863845825195
