,,0,1,2,3,4,5
BALANCE,count,296.0,1222.0,2946.0,944.0,674.0,2868.0
BALANCE,mean,4051.682220347973,105.04479299099836,945.1096204073319,5321.883878465042,859.4970726795252,1494.7471002384939
BALANCE,std,3567.9629455866097,224.80794812310356,1214.4952053664422,2688.824896581458,1081.8852457521095,1146.27875562592
BALANCE,min,4.382924,0.0,1.198223,78.114579,0.0,0.48805
BALANCE,25%,1119.307971,6.970297,100.26047575,3291.702881,75.80904225,683.82612525
BALANCE,50%,3009.3864345,23.4008465,399.330461,5239.2641810000005,464.8386485,1231.7191155
BALANCE,75%,5935.98626975,85.8741455,1349.40937425,6893.200923750001,1188.01226425,1991.62088275
BALANCE,max,19043.13856,2075.637866,8281.348085,16304.88925,7215.19576,6963.435383
BALANCE_FREQUENCY,count,296.0,1222.0,2946.0,944.0,674.0,2868.0
BALANCE_FREQUENCY,mean,0.981848902027027,0.3733451039279869,0.9692808367277665,0.9712080858050848,0.8037439554896143,0.9730379351464437
BALANCE_FREQUENCY,std,0.0897319711584083,0.19336451374085512,0.07786199230720788,0.09216907498634705,0.23275222668573103,0.07263611504013312
BALANCE_FREQUENCY,min,0.090909,0.0,0.454545,0.181818,0.0,0.545455
BALANCE_FREQUENCY,25%,1.0,0.2,1.0,1.0,0.666667,1.0
BALANCE_FREQUENCY,50%,1.0,0.363636,1.0,1.0,0.875,1.0
BALANCE_FREQUENCY,75%,1.0,0.545455,1.0,1.0,1.0,1.0
BALANCE_FREQUENCY,max,1.0,0.727273,1.0,1.0,1.0,1.0
PURCHASES,count,296.0,1222.0,2946.0,944.0,674.0,2868.0
PURCHASES,mean,8647.275304054056,363.00960720130934,1483.3786150712833,616.141091101695,433.7316765578635,255.0510076708508
PURCHASES,std,6765.299024855373,518.9612970428014,1277.7386067410343,989.8326521517273,675.7223234882322,435.1078103947873
PURCHASES,min,130.24,0.0,8.4,0.0,0.0,0.0
PURCHASES,25%,5084.62,52.5,522.05,0.0,0.0,0.0
PURCHASES,50%,6733.785,178.075,1080.67,159.5,178.41500000000002,60.0
PURCHASES,75%,9740.4325,457.675,2083.9474999999998,879.4300000000001,554.79,338.92499999999995
PURCHASES,max,49039.57,5252.04,8834.96,7194.53,6520.0,4900.0
CASH_ADVANCE,count,296.0,1222.0,2946.0,944.0,674.0,2868.0
CASH_ADVANCE,mean,812.7175100844594,298.68541115220955,181.60331649389005,5040.5972341027555,1058.9514059139467,749.0509393943515
CASH_ADVANCE,std,2184.5609639901522,797.9061301395753,550.0427840401824,3853.5489823451176,1436.3495909093874,973.1019831028909
CASH_ADVANCE,min,0.0,0.0,0.0,0.0,0.0,0.0
CASH_ADVANCE,25%,0.0,0.0,0.0,2798.3621595000004,0.0,0.0
CASH_ADVANCE,50%,0.0,0.0,0.0,4198.0479159999995,397.48340099999996,299.0917015
CASH_ADVANCE,75%,465.24852625,0.0,0.0,6172.371601,1618.53116575,1189.7503585
CASH_ADVANCE,max,19513.47483,6523.780195,7894.578816,47137.21176,9579.677222,6479.639793
PURCHASES_FREQUENCY,count,296.0,1222.0,2946.0,944.0,674.0,2868.0
PURCHASES_FREQUENCY,mean,0.9389025472972974,0.29100306137479537,0.8992785298710116,0.32672401588983047,0.4356389258160237,0.17566034065550906
PURCHASES_FREQUENCY,std,0.16102043082230635,0.27165476891377965,0.14440553350222574,0.37329179160403875,0.4013250940409732,0.21346654350806882
PURCHASES_FREQUENCY,min,0.083333,0.0,0.25,0.0,0.0,0.0
PURCHASES_FREQUENCY,25%,1.0,0.083333,0.833333,0.0,0.0,0.0
PURCHASES_FREQUENCY,50%,1.0,0.25,1.0,0.166667,0.333333,0.083333
PURCHASES_FREQUENCY,75%,1.0,0.416667,1.0,0.666667,0.857143,0.333333
PURCHASES_FREQUENCY,max,1.0,1.0,1.0,1.0,1.0,1.0
CASH_ADVANCE_FREQUENCY,count,296.0,1222.0,2946.0,944.0,674.0,2868.0
CASH_ADVANCE_FREQUENCY,mean,0.08392196283783783,0.03125276104746318,0.03697050373387644,0.46380275953389827,0.1982943293768546,0.16252215167364015
CASH_ADVANCE_FREQUENCY,std,0.17372031820487208,0.06644526623288208,0.09316413914040086,0.23674676087832772,0.23280392227419186,0.16709170912383303
CASH_ADVANCE_FREQUENCY,min,0.0,0.0,0.0,0.0,0.0,0.0
CASH_ADVANCE_FREQUENCY,25%,0.0,0.0,0.0,0.25,0.0,0.0
CASH_ADVANCE_FREQUENCY,50%,0.0,0.0,0.0,0.416667,0.142857,0.090909
CASH_ADVANCE_FREQUENCY,75%,0.083333,0.0,0.0,0.666667,0.333333,0.25
CASH_ADVANCE_FREQUENCY,max,1.0,0.416667,0.833333,1.25,1.5,1.0
PURCHASES_TRX,count,296.0,1222.0,2946.0,944.0,674.0,2868.0
PURCHASES_TRX,mean,103.625,4.786415711947627,25.007128309572302,8.914194915254237,5.905044510385757,3.1607391910739193
PURCHASES_TRX,std,60.21169926861024,5.411582090423367,17.26720839257161,14.440724264131571,8.88057824180739,4.466395833891122
PURCHASES_TRX,min,0.0,0.0,0.0,0.0,0.0,0.0
PURCHASES_TRX,25%,68.0,1.0,12.0,0.0,0.0,0.0
PURCHASES_TRX,50%,93.0,3.0,20.0,2.0,4.0,1.0
PURCHASES_TRX,75%,123.75,7.0,32.0,12.0,8.0,5.0
PURCHASES_TRX,max,358.0,41.0,122.0,85.0,98.0,43.0
CREDIT_LIMIT,count,296.0,1222.0,2946.0,944.0,674.0,2868.0
CREDIT_LIMIT,mean,10275.844594594595,3799.6322058551555,4598.994013454175,8769.602272727754,2459.2284866468844,3157.031613203277
CREDIT_LIMIT,std,4802.7921924193115,3151.5338056753644,3395.9912641673177,3534.0885193294844,2168.0953490369575,2283.8587275081013
CREDIT_LIMIT,min,1200.0,300.0,300.0,50.0,300.0,150.0
CREDIT_LIMIT,25%,6875.0,1500.0,1900.0,6500.0,1200.0,1500.0
CREDIT_LIMIT,50%,9500.0,3000.0,4000.0,8000.0,1500.0,2500.0
CREDIT_LIMIT,75%,13000.0,5000.0,6500.0,10500.0,3000.0,4000.0
CREDIT_LIMIT,max,30000.0,23000.0,25000.0,30000.0,20000.0,14000.0
PAYMENTS,count,296.0,1222.0,2946.0,944.0,674.0,2868.0
PAYMENTS,mean,8676.837601493244,1093.46824602455,1539.5592264154786,4109.077191307203,591.9320675311573,974.0595487475592
PAYMENTS,std,7835.430470730762,2060.6062588062427,1433.1485804393394,4543.269950651017,853.9078272261967,1016.7435120462001
PAYMENTS,min,92.865469,0.0,0.0,0.0,0.0,0.0
PAYMENTS,25%,3834.3358665,174.76397425,544.787561,1446.0573359999999,147.27179975,359.66694675
PAYMENTS,50%,6419.2905654999995,421.80915749999997,1097.7749145,2335.812328,303.19437100000005,631.119987
PAYMENTS,75%,10426.070115,1099.64945425,2038.0939305,5201.90647,635.6739137500001,1165.90293
PAYMENTS,max,50721.48336,23150.57184,12020.18009,39048.59762,6684.559773,8328.730628
PRC_FULL_PAYMENT,count,296.0,1222.0,2946.0,944.0,674.0,2868.0
PRC_FULL_PAYMENT,mean,0.27457244594594593,0.23289592880523735,0.275241344874406,0.033443103813559326,0.16494276706231453,0.019620334030683407
PRC_FULL_PAYMENT,std,0.38155360778107755,0.34313568761092184,0.3568499782508391,0.09965594258751015,0.3098084234325272,0.05646771204557844
PRC_FULL_PAYMENT,min,0.0,0.0,0.0,0.0,0.0,0.0
PRC_FULL_PAYMENT,25%,0.0,0.0,0.0,0.0,0.0,0.0
PRC_FULL_PAYMENT,50%,0.0,0.0,0.083333,0.0,0.0,0.0
PRC_FULL_PAYMENT,75%,0.583333,0.363636,0.545455,0.0,0.2,0.0
PRC_FULL_PAYMENT,max,1.0,1.0,1.0,1.0,1.0,0.666667
TENURE,count,296.0,1222.0,2946.0,944.0,674.0,2868.0
TENURE,mean,11.95608108108108,11.797872340425531,11.911405295315681,11.665254237288135,7.329376854599406,11.883193863319386
TENURE,std,0.38808112926951044,0.6469701754579651,0.39602300617321423,0.9867737951433461,1.0867829061546073,0.401371012896696
TENURE,min,6.0,8.0,8.0,6.0,6.0,10.0
TENURE,25%,12.0,12.0,12.0,12.0,6.0,12.0
TENURE,50%,12.0,12.0,12.0,12.0,7.0,12.0
TENURE,75%,12.0,12.0,12.0,12.0,8.0,12.0
TENURE,max,12.0,12.0,12.0,12.0,10.0,12.0
